last_name,fisa_courts_reform_act,s_1551_iosra,fisa_improvements_act,fisa_transparency_and_modernization_act,surveillance_state_repeal_act,usa_freedom_prior_to_2014-05-18,voted_for_conyers_amash_amendment,voted_for_house_version_of_usa_freedom_act_2014,voted_for_massie_lofgren_amendment_2014,whistleblower_protection_for_ic_employees_contractors,1st_usaf_cloture_vote,straight_reauth,fisa_reform_act,amendment_1449_data_retention,amendment_1450_extend_implementation_to_1yr,amendment_1451_gut_amicus,final_passage_usaf,702_reforms,massie_lofgren_amendment_to_hr2685_defund_702,massie_lofgren_amendment_to_hr4870_no_backdoors
Abraham,,,,,,,,,,,,,,,,,OK,,BAD,
Adams,,,,,,,,,,,,,,,,,OK,,GOOD,
Aderholt,,,,,,,,X,,,,,,,,,OK,,BAD,BAD
Aguilar,,,,,,,,,,,,,,,,,OK,,GOOD,
Alexander,,,,,,,,,,,OK,BAD,,BAD,BAD,BAD,OK,,,
Allen,,,,,,,,,,,,,,,,,OK,,BAD,
Amash,,,,,,X,X,,X,,,,,,,,GOOD,X,GOOD,GOOD
Amodei,,,,,,X,X,X,X,,,,,,,,OK,,GOOD,GOOD
Ashford,,,,,,,,,,,,,,,,,OK,,GOOD,
Ayotte,,,,,,,,,,,OK,BAD,,BAD,BAD,BAD,OK,,,
Babin,,,,,,,,,,,,,,,,,OK,,GOOD,
Baldwin,X,X,,,,,,,,,OK,GOOD,,GOOD,GOOD,GOOD,GOOD,,,
Barletta,,,,,,,,X,,,,,,,,,OK,,BAD,BAD
Barr,,,,,,,,X,,,,,,,,,OK,,BAD,BAD
Barrasso,,,,,,,,,,,BAD,BAD,,BAD,BAD,BAD,BAD,,,
Barton,,,,,,,X,,X,,,,,,,,OK,,GOOD,GOOD
Bass,,,,,,X,X,,X,,,,,,,,GOOD,,GOOD,GOOD
Beatty,,,,,,,,X,,,,,,,,,OK,,GOOD,BAD
Becerra,,,,,,,X,,X,,,,,,,,OK,,GOOD,GOOD
Benishek,,,,,,,,X,,,,,,,,,OK,,BAD,BAD
Bennet,,,,,,,,,,,OK,GOOD,,GOOD,GOOD,GOOD,OK,,,
Bera,,,,,,X,,X,X,,,,,,,,OK,,BAD,GOOD
Beyer,,,,,,,,,,,,,,,,,OK,,GOOD,
Bilirakis,,,,,,,,X,,,,,,,,,OK,,GOOD,BAD
Bishop,,,,,,,,,,,,,,,,,OK,,GOOD,
Bishop,,,,,,,X,X,X,,,,,,,,OK,,GOOD,GOOD
Bishop,,,,,,,,X,X,,,,,,,,OK,,GOOD,GOOD
Black,,,,,,,X,X,X,,,,,,,,OK,X,GOOD,GOOD
Blackburn,,,,,,,X,X,X,,,,,,,,OK,X,GOOD,GOOD
Blum,,,,,,,,,,,,,,,,,GOOD,,GOOD,
Blumenauer,,,,,X,X,X,,X,,,,,,,,GOOD,X,GOOD,GOOD
Blumenthal,,X,,,,,,,,,OK,GOOD,,GOOD,GOOD,GOOD,OK,,,
Blunt,,,,,,,,,,,BAD,BAD,,BAD,BAD,BAD,BAD,,,
Boehner,,,,,,,,,,,,,,,,,OK,,,
Bonamici,,,,,,X,X,,X,,,,,,,,OK,,GOOD,GOOD
Booker,,,,,,,,,,,OK,GOOD,,GOOD,GOOD,GOOD,OK,,,
Boozman,,,,,,,,,,,BAD,BAD,,BAD,BAD,BAD,OK,,,
Bost,,,,,,,,,,,,,,,,,OK,,BAD,
Boustany,,,,,,,,X,,,,,,,,,OK,,BAD,BAD
Boxer,,,,,,,,,,,OK,GOOD,,GOOD,GOOD,GOOD,OK,,,
Boyle,,,,,,,,,,,,,,,,,OK,,GOOD,
Brady,,,,,,,,X,,,,,,,,,OK,,GOOD,GOOD
Brady,,,,,,,X,,X,,,,,,,,OK,,BAD,BAD
Brat,,,,,,,,,,,,,,,,,GOOD,,GOOD,
Bridenstine,,,,,,X,X,X,X,,,,,,,,OK,,GOOD,GOOD
Brooks,,,,,,,,X,X,,,,,,,,GOOD,,GOOD,GOOD
Brooks,,,,,,,,X,,,,,,,,,OK,,BAD,BAD
Brown,,,,,,,,X,X,,,,,,,,OK,,BAD,GOOD
Brown,,,,,,,,,,,OK,GOOD,,GOOD,GOOD,GOOD,OK,,,
Brownley,,,,,,X,,X,,,,,,,,,OK,,BAD,BAD
Buchanan,,,,,,X,X,X,X,,,,,,,,OK,,GOOD,GOOD
Buck,,,,,,,,,,,,,,,,,OK,X,GOOD,
Bucshon,,,,,,,,X,X,,,,,,,,OK,,BAD,GOOD
Burgess,,,,,,X,X,,X,,,,,,,,GOOD,X,GOOD,GOOD
Burr,,,,,,,,,,,BAD,BAD,,BAD,BAD,BAD,BAD,,,
Bustos,,,,,,,,X,,,,,,,,,OK,,GOOD,BAD
Butterfield,,,,,,,,X,X,,,,,,,,OK,,GOOD,GOOD
Byrne,,,,,,,,X,X,,,,,,,,OK,,GOOD,GOOD
Calvert,,,,,,,,,,,,,,,,,OK,,BAD,BAD
Cantwell,,,,,,,,,,,OK,GOOD,,GOOD,GOOD,GOOD,OK,,,
Capito,,,,,,,,X,X,,BAD,BAD,,BAD,BAD,BAD,OK,,,GOOD
Capps,,,,,,,,,,,,,,,,,OK,,GOOD,GOOD
Capuano,,,,,X,X,X,,X,,,,,,,,GOOD,X,GOOD,GOOD
Cárdenas,,,,,,,X,,X,,,,,,,,OK,,GOOD,GOOD
Cardin,,,,,,,,,,,OK,GOOD,,GOOD,GOOD,GOOD,OK,,,
Carney,,,,,,,,X,X,,,,,,,,OK,,BAD,GOOD
Carper,,,,,,,,,,,OK,GOOD,,GOOD,GOOD,GOOD,OK,,,
Carson,,,,,,X,X,X,X,,,,,,,,OK,,BAD,GOOD
Carter,,,,,,,,,,,,,,,,,OK,,GOOD,
Carter,,,,,,,,X,,,,,,,,,OK,,BAD,BAD
Cartwright,,,,,,,X,,X,,,,,,,,OK,,GOOD,GOOD
Casey,,,,,,,,,,,OK,GOOD,,GOOD,GOOD,GOOD,OK,,,
Cassidy,,,,,,,X,X,X,,BAD,BAD,,BAD,BAD,BAD,OK,,,
Castor,,,,,,,,X,X,,,,,,,,OK,,BAD,GOOD
Castro,,,,,,,,X,X,,,,,,,,OK,,GOOD,GOOD
Chabot,,,,,,,X,X,X,,,,,,,,OK,,GOOD,GOOD
Chaffetz,,,,,,,X,X,X,,,,,,,,OK,,BAD,GOOD
Chu,,,,,,X,X,X,X,,,,,,,,OK,,GOOD,GOOD
Cicilline,,,,,,X,X,X,X,,,,,,,,OK,X,GOOD,GOOD
Clark,,,,,,X,,,X,,,,,,,,GOOD,,GOOD,GOOD
Clarke,,,,,,,X,,X,,,,,,,,GOOD,,GOOD,GOOD
Clawson,,,,,,,,,,,,,,,,,GOOD,,,
Clay,,,,,,,X,X,X,,,,,,,,OK,,GOOD,GOOD
Cleaver,,,,,,,X,X,X,,,,,,,,GOOD,,GOOD,GOOD
Clyburn,,,,,,,X,X,X,,,,,,,,OK,,GOOD,GOOD
Coats,,,,,,,,,,,BAD,BAD,,BAD,BAD,BAD,BAD,,,
Cochran,,,,,,,,,,,BAD,BAD,,BAD,BAD,BAD,BAD,,,
Coffman,,,,,,X,X,X,X,,,,,,,,OK,,BAD,GOOD
Cohen,,,,,,X,X,X,X,,,,,,,,OK,X,GOOD,GOOD
Cole,,,,,,,,X,,,,,,,,,OK,,BAD,BAD
Collins,,,,,,,,X,,,,,,,,,OK,,BAD,BAD
Collins,,,,,,,,X,X,,,,,,,,OK,X,GOOD,GOOD
Collins,,,,,,,,,,,BAD,BAD,,BAD,BAD,BAD,BAD,,,
Comstock,,,,,,,,,,,,,,,,,OK,,BAD,
Conaway,,,,X,,,,X,,,,,,,,,OK,,BAD,BAD
Connolly,,,,,,,X,X,X,,,,,,,,OK,,GOOD,GOOD
Conyers,,,,,,X,X,X,X,,,,,,,,OK,,GOOD,GOOD
Cook,,,,,,,,X,X,,,,,,,,OK,,BAD,GOOD
Coons,X,,,,,,,,,,OK,GOOD,,GOOD,GOOD,GOOD,OK,,,
Cooper,,,,,,,,X,,,,,,,,,OK,,BAD,BAD
Corker,,,,,,,,,,,BAD,BAD,,BAD,BAD,BAD,BAD,,,
Cornyn,,,,,,,,,,,BAD,BAD,,BAD,BAD,BAD,OK,,,
Costa,,,,,,,,X,,,,,,,,,OK,,BAD,BAD
Costello,,,,,,,,,,,,,,,,,OK,,BAD,
Cotton,,,,X,,,,X,,,BAD,BAD,,BAD,BAD,BAD,BAD,,,BAD
Courtney,,,,,,X,X,X,X,,,,,,,,OK,,GOOD,GOOD
Cramer,,,,,,,X,X,X,,,,,,,,OK,,GOOD,GOOD
Crapo,,,,,,,,,,,BAD,GOOD,,BAD,BAD,BAD,BAD,,,
Crawford,,,,,,,,X,,,,,,,,,OK,,BAD,BAD
Crenshaw,,,,,,,,X,,,,,,,,,OK,,BAD,BAD
Crowley,,,,,,,X,,X,,,,,,,,GOOD,,GOOD,GOOD
Cruz,,,,,,,,,,,OK,GOOD,,GOOD,GOOD,GOOD,OK,,,
Cuellar,,,,,,,,X,X,,,,,,,,OK,,GOOD,GOOD
Culberson,,,,,,,,X,X,,,,,,,,OK,,BAD,GOOD
Cummings,,,,,,X,X,,X,,,,,,,,OK,,GOOD,GOOD
Curbelo,,,,,,,,,,,,,,,,,OK,,GOOD,
Daines,,,,,,X,X,,X,,OK,GOOD,,GOOD,GOOD,GOOD,OK,,,GOOD
Davis,,,,,,,X,,X,,,,,,,,OK,,BAD,GOOD
Davis,,,,,,,X,X,,,,,,,,,OK,,BAD,BAD
Davis,,,,,,,,X,X,,,,,,,,GOOD,,GOOD,GOOD
DeFazio,,,,,X,X,X,,X,,,,,,,,GOOD,X,GOOD,GOOD
Degette,,,,,,X,X,,X,,,,,,,,GOOD,,GOOD,GOOD
Delaney,,,,,,,,X,,,,,,,,,OK,,BAD,BAD
Delauro,,,,,,X,X,X,X,,,,,,,,OK,,GOOD,GOOD
Delbene,,,,,,X,X,,X,,,,,,,,OK,X,GOOD,GOOD
Denham,,,,,,,,X,,,,,,,,,OK,,BAD,BAD
Dent,,,,,,,,X,,,,,,,,,OK,,BAD,BAD
Desantis,,,,,,,X,X,X,,,,,,,,OK,,GOOD,GOOD
DeSaulnier,,,,,X,,,,,,,,,,,,OK,X,GOOD,
DesJarlais,,,,,,,X,,X,,,,,,,,GOOD,,GOOD,GOOD
Deutch,,,,,,X,X,X,X,,,,,,,,OK,X,GOOD,GOOD
Diaz-Balart,,,,,,,,X,,,,,,,,,OK,,BAD,BAD
Dingell,,,,,,,X,X,X,,,,,,,,OK,,GOOD,
Doggett,,,,,X,,X,,X,,,,,,,,GOOD,X,GOOD,GOOD
Dold,,,,,,,,,,,,,,,,,OK,,BAD,
Donnelly,,,,,,,,,,,OK,BAD,,GOOD,GOOD,GOOD,OK,,,
Donovan,,,,,,,,,,,,,,,,,OK,,BAD,
Doyle,,,,,,X,X,,X,,,,,,,,OK,,GOOD,GOOD
Duckworth,,,,,,,,X,,,,,,,,,OK,,BAD,BAD
Duffy,,,,,,X,X,,X,,,,,,,,OK,,GOOD,GOOD
Duncan,,,,,,X,X,,X,,,,,,,,GOOD,X,GOOD,GOOD
Duncan,,,,,,X,X,X,X,,,,,,,,GOOD,,GOOD,GOOD
Durbin,X,,,,,,,,,,OK,GOOD,,GOOD,GOOD,GOOD,OK,,,
Edwards,,,,,,,X,,X,,,,,,,,GOOD,X,GOOD,GOOD
Ellison,,,,,,X,X,,X,,,,,,,,GOOD,,GOOD,GOOD
Ellmers,,,,,,,,X,,,,,,,,,OK,,BAD,BAD
Emmer,,,,,,,,,,,,,,,,,GOOD,,GOOD,
Engel,,,,,,,,X,X,,,,,,,,OK,,GOOD,GOOD
Enzi,,,,,,,,,,,,,,GOOD,GOOD,GOOD,GOOD,,,
Ernst,,,,,,,,,,,BAD,BAD,,BAD,BAD,BAD,BAD,,,
Eshoo,,,,,,X,X,,X,,,,,,,,OK,X,GOOD,GOOD
Esty,,,,,,,,X,X,,,,,,,,OK,,GOOD,GOOD
Farenthold,,,,,,X,X,X,X,,,,,,,,OK,X,GOOD,GOOD
Farr,,,,,,X,X,,X,,,,,,,,GOOD,,GOOD,GOOD
Fattah,,,,,,,X,,X,,,,,,,,GOOD,,GOOD,GOOD
Feinstein,,,X,,,,,,,,OK,GOOD,,GOOD,GOOD,GOOD,OK,,,
Fincher,,,,,,,X,X,X,,,,,,,,OK,,BAD,GOOD
Fischer,,,,,,,,,,,BAD,BAD,,BAD,BAD,BAD,BAD,,,
Fitzpatrick,,,,,,X,X,,X,,,,,,,,GOOD,,GOOD,GOOD
Flake,,,,,,,,,,,OK,BAD,,GOOD,BAD,BAD,OK,,,
Fleischmann,,,,,,,X,X,X,,,,,,,,OK,,GOOD,GOOD
Fleming,,,,,,X,X,,X,,,,,,,,GOOD,,GOOD,GOOD
Flores,,,,,,,,X,X,,,,,,,,OK,,BAD,GOOD
Forbes,,,,,,,,X,,,,,,,,,OK,,BAD,BAD
Fortenberry,,,,,,,,X,X,,,,,,,,OK,,GOOD,GOOD
Foster,,,,,,,,,X,,,,,,,,OK,,BAD,GOOD
Foxx,,,,,,,,X,X,,,,,,,,OK,,GOOD,GOOD
Frankel,,,,,,,,X,,,,,,,,,OK,,BAD,BAD
Franken,X,,,,,,,,,,OK,GOOD,,GOOD,GOOD,GOOD,OK,,,
Franks,,,,,,,,X,,,,,,,,,OK,,GOOD,BAD
Frelinghuysen,,,,,,,,X,,,,,,,,,OK,,BAD,BAD
Fudge,,,,,,,X,X,,,,,,,,,OK,,GOOD,
Gabbard,,,,,X,X,X,,X,X,,,,,,,GOOD,X,GOOD,GOOD
Gallego,,,,,,,,X,,,,,,,,,OK,,GOOD,
Garamendi,,,,,,X,X,X,X,,,,,,,,OK,,BAD,GOOD
Gardner,,,,,,X,X,,X,,OK,GOOD,,GOOD,GOOD,GOOD,OK,,,GOOD
Garrett,,,,,,X,X,,X,,,,,,,,GOOD,,BAD,GOOD
Gibbs,,,,,,,,X,X,,,,,,,,OK,,GOOD,GOOD
Gibson,,,,,,X,X,,X,,,,,,,,GOOD,,GOOD,GOOD
Gillibrand,X,,,,,,,,,,OK,GOOD,,GOOD,GOOD,GOOD,OK,,,
Gohmert,,,,,,X,X,,X,,,,,,,,GOOD,X,GOOD,GOOD
Goodlatte,,,,,,X,,X,,,,,,,,,OK,,BAD,BAD
Gosar,,,,,,X,X,,X,,,,,,,,GOOD,X,GOOD,GOOD
Gowdy,,,,,,X,X,X,X,,,,,,,,OK,,,GOOD
Graham,,,,,,,,,,,,,,,,,OK,,BAD,
Graham,,,,,,,,,,,BAD,BAD,,,,,OK,,,
Granger,,,,,,,,X,,,,,,,,,OK,,BAD,BAD
Grassley,,,,,,,,,,,BAD,BAD,,BAD,BAD,BAD,OK,,,
Graves,,,,,,,,,,,,,,,,,GOOD,,GOOD,GOOD
Graves,,,,,,,,X,,,,,,,,,OK,,BAD,BAD
Graves,,,,,,X,X,,X,,,,,,,,GOOD,,GOOD,
Grayson,,,,,X,X,X,,X,,,,,,,,GOOD,X,GOOD,GOOD
Green,,,,,,,,X,X,,,,,,,,GOOD,,GOOD,GOOD
Green,,,,,,X,X,X,X,,,,,,,,OK,,GOOD,GOOD
Griffith,,,,,,,X,,X,,,,,,,,GOOD,,GOOD,GOOD
Grijalva,,,,,X,X,X,,X,,,,,,,,GOOD,,GOOD,GOOD
Grothman,,,,,,,,,,,,,,,,,OK,,GOOD,
Guinta,,,,,,,,,,,,,,,,,GOOD,,GOOD,
Guthrie,,,,,,,,,,,,,,,,,OK,,GOOD,GOOD
Gutiérrez,,,,,,,,,X,,,,,,,,OK,,GOOD,GOOD
Hahn,,,,,,,X,,X,,,,,,,,OK,,GOOD,GOOD
Hanna,,,,,,,,,X,,,,,,,,GOOD,,BAD,GOOD
Hardy,,,,,,,,,,,,,,,,,OK,,BAD,
Harper,,,,,,,,X,X,,,,,,,,OK,,BAD,GOOD
Harris,,,,,,,X,,X,,,,,,,,GOOD,,GOOD,GOOD
Hartzler,,,,,,,,X,,,,,,,,,OK,,BAD,BAD
Hastings,,,,,,,X,,X,,,,,,,,GOOD,,BAD,GOOD
Hatch,,,,,,,,,,,BAD,BAD,,BAD,BAD,BAD,BAD,,,
Heck,,,,,,,,X,X,,,,,,,,OK,,GOOD,GOOD
Heck,,,,,,,,X,,,,,,,,,OK,,BAD,BAD
Heinrich,X,X,,,,,,,,,OK,GOOD,,GOOD,GOOD,GOOD,OK,,,
Heitkamp,,,,,,,,,,,OK,GOOD,,GOOD,GOOD,GOOD,OK,,,
Heller,,,,,,,,,,,OK,GOOD,,GOOD,GOOD,GOOD,OK,,,
Hensarling,,,,,,,,X,X,,,,,,,,OK,X,GOOD,GOOD
Herrera Beutler,,,,,,X,,X,X,,,,,,,,GOOD,,GOOD,GOOD
Hice,,,,,,,,,,,,,,,,,GOOD,,GOOD,
Higgins,,,,,,,,X,X,,,,,,,,OK,,GOOD,GOOD
Hill,,,,,,,,,,,,,,,,,OK,,BAD,
Himes,,,,,,,,X,,,,,,,,,OK,,BAD,BAD
Hinojosa,,,,,,,,,,,,,,,,,OK,,GOOD,BAD
Hirono,X,X,,,,,,,,,OK,GOOD,,GOOD,GOOD,GOOD,OK,,,
Hoeven,,,,,,,,,,,OK,BAD,,BAD,BAD,BAD,OK,,,
Holding,,,,,,,,X,,,,,,,,,OK,,BAD,BAD
Honda,,,,,,X,X,,X,,,,,,,,GOOD,X,GOOD,GOOD
Hoyer,,,,,,,,X,,,,,,,,,OK,,GOOD,BAD
Hudson,,,,,,,,X,X,,,,,,,,OK,,GOOD,GOOD
Huelskamp,,,,,,X,X,,X,,,,,,,,GOOD,,GOOD,GOOD
Huffman,,,,,,X,X,X,X,,,,,,,,OK,,GOOD,GOOD
Huizenga,,,,,,,X,X,X,,,,,,,,OK,,BAD,GOOD
Hultgren,,,,,,,X,X,X,,,,,,,,OK,,GOOD,GOOD
Hunter,,,,,,X,,X,X,,,,,,,,OK,,GOOD,GOOD
Hurd,,,,,,,,,,,,,,,,,OK,,BAD,
Hurt,,,,,,,,X,X,,,,,,,,OK,,GOOD,GOOD
Inhofe,,,,,,,,,,,BAD,BAD,,BAD,BAD,BAD,OK,,,
Isakson,,,,,,,,,,,BAD,BAD,,BAD,BAD,BAD,BAD,,,
Israel,,,,,,,,X,,,,,,,,,OK,,BAD,BAD
Issa,,,,,,X,,,X,,,,,,,,OK,X,GOOD,GOOD
Jackson Lee,,,,,,X,,X,X,,,,,,,,OK,,GOOD,GOOD
Jeffries,,,,,,X,X,,X,,,,,,,,OK,,GOOD,GOOD
Jenkins,,,,,,,,,,,,,,,,,OK,,GOOD,
Jenkins,,,,,,,X,X,X,,,,,,,,OK,,GOOD,GOOD
Johnson,,,,,,,X,X,,,,,,,,,OK,,BAD,BAD
Johnson,,,,,,,,X,X,,,,,,,,OK,,BAD,GOOD
Johnson,,,,,,X,,X,X,,,,,,,,OK,,GOOD,GOOD
Johnson,,,,,,,,,,,OK,BAD,,BAD,BAD,BAD,OK,,,
Johnson,,,,,,,,X,X,,,,,,,,OK,,GOOD,GOOD
Jolly,,,,,,,,X,,,,,,,,,OK,,BAD,BAD
Jones,,,,,X,X,X,,X,,,,,,,,GOOD,X,GOOD,GOOD
Jordan,,,,,,X,X,,X,,,,,,,,GOOD,X,GOOD,GOOD
Joyce,,,,,,,,X,,,,,,,,,OK,,BAD,BAD
Kaine,,,,,,,,,,,OK,GOOD,,GOOD,GOOD,GOOD,OK,,,
Kaptur,,,,,,,,,X,,,,,,,,OK,,,GOOD
Katko,,,,,,,,,,,,,,,,,OK,,BAD,
Keating,,,,,,X,X,,X,,,,,,,,OK,,BAD,GOOD
Kelly,,,,,,,,X,,,,,,,,,OK,,BAD,BAD
Kelly,,,,,,,,X,X,,,,,,,,OK,,GOOD,GOOD
Kelly,,,,,,,,,,,,,,,,,OK,,GOOD,
Kennedy,,,,,,X,,X,,,,,,,,,OK,,BAD,BAD
Kildee,,,,,,,X,X,X,,,,,,,,OK,,GOOD,GOOD
Kilmer,,,,,,,,X,X,,,,,,,,OK,,GOOD,GOOD
Kind,,,,,,,,X,X,,,,,,,,OK,,GOOD,GOOD
King,,,,,,,,,,,BAD,GOOD,X,BAD,GOOD,BAD,OK,,,
King,,,,X,,,,X,,,,,,,,,OK,,BAD,BAD
King,,,,,,,,,X,,,,,,,,GOOD,,BAD,GOOD
Kinzinger,,,,,,,,X,,,,,,,,,OK,,BAD,BAD
Kirk,,,,,,,,,,,BAD,BAD,,BAD,BAD,BAD,OK,,,
Kirkpatrick,,,,,,,,X,,,,,,,,,OK,,GOOD,
Kline,,,,,,,,X,,,,,,,,,OK,,BAD,BAD
Klobuchar,,,,,,,,,,,OK,GOOD,,GOOD,GOOD,GOOD,OK,,,
Knight,,,,,,,,,,,,,,,,,OK,,BAD,
Kuster,,,,,,X,,X,X,,,,,,,,OK,,GOOD,GOOD
Labrador,,,,,,X,X,,X,,,,,,,,GOOD,X,GOOD,GOOD
LaMalfa,,,,,,X,X,X,X,,,,,,,,OK,X,GOOD,GOOD
Lamborn,,,,,,,X,X,X,,,,,,,,OK,,GOOD,GOOD
Lance,,,,,,X,,X,X,,,,,,,,OK,,GOOD,GOOD
Langevin,,,,X,,,,X,,,,,,,,,OK,,BAD,BAD
Lankford,,,,,,,,X,,,OK,BAD,,GOOD,GOOD,GOOD,OK,,,
Larsen,,,,,,X,,X,X,,,,,,,,OK,,GOOD,GOOD
Larson,,,,,,,X,X,X,,,,,,,,OK,,GOOD,GOOD
Latta,,,,,,,,X,X,,,,,,,,OK,,GOOD,GOOD
Lawrence,,,,,,,,,,,,,,,,,OK,,GOOD,
Leahy,,X,,,,,,,,,OK,GOOD,,GOOD,GOOD,GOOD,OK,,,
Lee,,,,,X,X,X,,X,,,,,,,,GOOD,X,BAD,GOOD
Lee,,,,,,,,,,,OK,GOOD,,GOOD,GOOD,GOOD,OK,,,
Levin,,,,,,,,X,,,,,,,,,OK,,GOOD,BAD
Lewis,,,,,,X,X,,X,,,,,,,,GOOD,,GOOD,GOOD
Lieu,,,,,,,,,,,,,,,,,GOOD,,GOOD,
Lipinski,,,,,,,,X,,,,,,,,,OK,,BAD,
LoBiondo,,,,X,,,,X,,,,,,,,,OK,,BAD,BAD
Loebsack,,,,,,,X,X,X,,,,,,,,OK,,GOOD,GOOD
Lofgren,,,,,,X,X,,X,,,,,,,,OK,X,GOOD,GOOD
Long,,,,,,X,,X,,,,,,,,,OK,,BAD,BAD
Loudermilk,,,,,,,,,,,,,,,,,OK,,GOOD,
Love,,,,,,,,,,,,,,,,,OK,,GOOD,
Lowenthal,,,,,,X,X,,X,,,,,,,,GOOD,,GOOD,GOOD
Lowey,,,,,,,,X,X,,,,,,,,OK,,GOOD,GOOD
Lucas,,,,,,,,X,,,,,,,,,OK,,BAD,BAD
Luetkemeyer,,,,,,X,,X,X,,,,,,,,OK,,BAD,GOOD
Luján,,,,,,X,X,X,X,,,,,,,,OK,,GOOD,
Lujan Grisham,,,,,,,X,X,,,,,,,,,OK,,GOOD,GOOD
Lummis,,,,,,,X,,X,,,,,,,,GOOD,X,BAD,GOOD
Lynch,,,,,,X,X,X,X,,,,,,,,OK,,GOOD,GOOD
MacArthur,,,,,,,,,,,,,,,,,OK,,BAD,
Maloney,,,,,,X,X,X,X,,,,,,,,OK,,GOOD,GOOD
Maloney,,,,,,,,X,X,,,,,,,,OK,,GOOD,GOOD
Manchin,,,,,,,,,,,OK,GOOD,,GOOD,GOOD,GOOD,OK,,,
Marchant,,,,,,X,X,,X,,,,,,,,OK,X,BAD,GOOD
Marino,,,,,,,,X,,,,,,,,,OK,,BAD,BAD
Markey,X,X,,,,,,,,,OK,GOOD,,GOOD,GOOD,GOOD,OK,,,
Massie,,,,,X,X,X,,X,,,,,,,,GOOD,X,GOOD,GOOD
Matsui,,,,,,X,X,,X,,,,,,,,OK,,GOOD,GOOD
McCain,,,,,,,,,,,BAD,BAD,,BAD,BAD,BAD,BAD,,,
McCarthy,,,,,,,,X,,,,,,,,,OK,,BAD,BAD
McCaskill,,,,,,,,,,X,OK,GOOD,,GOOD,GOOD,GOOD,OK,,,
McCaul,,,,,,,,X,,,,,,,,,OK,,BAD,BAD
McClintock,,,,,,X,X,,X,,,,,,,,GOOD,X,GOOD,GOOD
McCollum,,,,,X,X,X,,X,,,,,,,,OK,X,GOOD,GOOD
McConnell,,,,,,,,,,,BAD,GOOD,,BAD,BAD,BAD,BAD,,,
McDermott,,,,,,X,X,X,X,,,,,,,,OK,,GOOD,GOOD
McGovern,,,,,X,X,X,,X,,,,,,,,GOOD,X,GOOD,GOOD
McHenry,,,,,,,X,X,X,,,,,,,,OK,,BAD,GOOD
McKinley,,,,,,,,X,X,,,,,,,,OK,,BAD,GOOD
McMorris Rodgers,,,,,,,X,X,X,,,,,,,,OK,,BAD,GOOD
McNerney,,,,,,,,X,X,,,,,,,,OK,,GOOD,GOOD
McSally,,,,,,,,,,,,,,,,,OK,,BAD,
Meadows,,,,,,,X,,X,,,,,,,,GOOD,,GOOD,GOOD
Meehan,,,,,,,,X,,,,,,,,,OK,,BAD,BAD
Meeks,,,,,,,,X,X,,,,,,,,OK,,GOOD,GOOD
Menendez,,,,,,,,,,,OK,GOOD,,GOOD,GOOD,GOOD,OK,,,
Meng,,,,,,,,X,X,,,,,,,,OK,,GOOD,GOOD
Merkley,X,X,,,,,,,,,OK,GOOD,,GOOD,GOOD,GOOD,OK,,,
Messer,,,,,,X,,X,,,,,,,,,OK,,GOOD,BAD
Mica,,,,,,X,X,X,X,,,,,,,,OK,,GOOD,GOOD
Mikulski,,,,,,,,,,,OK,GOOD,,GOOD,GOOD,GOOD,OK,,,
Miller,,,,,,,,X,X,,,,,,,,OK,,BAD,GOOD
Miller,,,,X,,,,X,,,,,,,,,OK,,BAD,BAD
Moolenaar,,,,,,,,,,,,,,,,,OK,,BAD,
Mooney,,,,,,,,,,,,,,,,,OK,,GOOD,
Moore,,,,,,X,X,X,X,,,,,,,,OK,,GOOD,GOOD
Moran,,,,,,,,,,,GOOD,GOOD,,GOOD,GOOD,GOOD,GOOD,,,
Moulton,,,,,,,,,,,,,,,,,OK,,BAD,
Mullin,,,,,,X,X,X,X,,,,,,,,OK,,BAD,GOOD
Mulvaney,,,,,,X,X,,,,,,,,,,GOOD,,GOOD,
Murkowski,,,,,,,,,,,OK,GOOD,,GOOD,GOOD,GOOD,OK,,,
Murphy,,,,,,,,,,,OK,GOOD,,GOOD,GOOD,GOOD,OK,,,
Murphy,,,,,,,,X,,,,,,,,,OK,,BAD,BAD
Murphy,,,,,,,,X,,,,,,,,,OK,,BAD,BAD
Murray,X,,,,,,,,,,OK,GOOD,,GOOD,GOOD,GOOD,OK,,,
Nadler,,,,,,X,X,X,X,,,,,,,,OK,,GOOD,GOOD
Napolitano,,,,,,X,X,X,X,,,,,,,,OK,,GOOD,GOOD
Neal,,,,,X,X,X,,X,,,,,,,,GOOD,X,GOOD,GOOD
Nelson,,,,,,,,,,,OK,BAD,,BAD,BAD,GOOD,OK,,,
Neugebauer,,,,,,,,X,X,,,,,,,,OK,,GOOD,GOOD
Newhouse,,,,,,,,,,,,,,,,,OK,,BAD,
Noem,,,,,,X,,X,X,,,,,,,,OK,,BAD,GOOD
Nolan,,,,,,,X,,X,,,,,,,,OK,,GOOD,GOOD
Norcross,,,,,,,,,,,,,,,,,OK,,GOOD,
Nugent,,,,,,X,X,X,X,,,,,,,,GOOD,,GOOD,GOOD
Nunes,,,,X,,,,X,,,,,,,,,OK,,BAD,BAD
Olson,,,,,,,,X,X,,,,,,,,OK,,GOOD,GOOD
O'Rourke,,,,,,X,X,,X,,,,,,,,OK,X,GOOD,GOOD
Palazzo,,,,,,,,X,X,,,,,,,,OK,,BAD,GOOD
Pallone,,,,,,,,,X,,,,,,,,GOOD,,GOOD,GOOD
Palmer,,,,,,,,,,,,,,,,,OK,,BAD,
Pascrell,,,,,,,X,X,X,,,,,,,,OK,,BAD,GOOD
Paul,,X,,,,,,,,,GOOD,GOOD,,GOOD,GOOD,GOOD,GOOD,X,,
Paulsen,,,,,,,,X,X,,,,,,,,OK,,BAD,GOOD
Payne,,,,,,,,X,X,,,,,,,,OK,,GOOD,GOOD
Pearce,,,,,,X,X,X,,,,,,,,,OK,,BAD,BAD
Pelosi,,,,,,,,X,X,,,,,,,,OK,,GOOD,GOOD
Perdue,,,,,,,,,,,BAD,BAD,,BAD,BAD,BAD,BAD,,,
Perlmutter,,,,,,,X,X,X,,,,,,,,OK,,GOOD,GOOD
Perry,,,,,,X,X,,X,,,,,,,,GOOD,,GOOD,GOOD
Peters,,,,,,X,,X,X,,OK,GOOD,,GOOD,GOOD,GOOD,OK,,,GOOD
Peters,,,,,,,,,,,,,,,,,OK,,BAD,BAD
Peterson,,,,,,,,X,,,,,,,,,OK,,GOOD,BAD
Pierluisi,,,,,,X,X,X,X,,,,,,,,,,,
Pingree,,,,,,X,X,,X,,,,,,,,GOOD,,GOOD,GOOD
Pittenger,,,,,,,,X,,,,,,,,,OK,,BAD,BAD
Pitts,,,,,,,,X,,,,,,,,,OK,,BAD,BAD
Pocan,,,,,X,X,X,X,X,,,,,,,,GOOD,,GOOD,GOOD
Poe,,,,,,X,X,,X,,,,,,,,GOOD,,GOOD,GOOD
Poliquin,,,,,,,,,,,,,,,,,OK,,BAD,
Polis,,,,,,X,X,,,,,,,,,,GOOD,X,GOOD,
Pompeo,,,,X,,,,X,,,,,,,,,OK,,BAD,BAD
Portman,,,,,,,,,,,BAD,BAD,,BAD,BAD,BAD,BAD,,,
Posey,,,,,,,X,,X,,,,,,,,GOOD,,GOOD,GOOD
Price,,,,,,,,X,X,,,,,,,,OK,,GOOD,GOOD
Price,,,,,,,X,X,X,,,,,,,,OK,,GOOD,GOOD
Quigley,,,,,,X,,X,X,,,,,,,,OK,,BAD,GOOD
Rangel,,,,,,,X,X,,,,,,,,,GOOD,,GOOD,
Ratcliffe,,,,,,,,,,,,,,,,,OK,,GOOD,
Reed,,,,,,,,,,,OK,GOOD,,GOOD,GOOD,GOOD,OK,,,
Reed,,,,,,,,X,X,,,,,,,,OK,,BAD,GOOD
Reichert,,,,,,,,X,,,,,,,,,OK,,BAD,BAD
Reid,,,,,,,,,,,OK,GOOD,,GOOD,GOOD,GOOD,OK,,,
Renacci,,,,,,,,X,,,,,,,,,OK,,GOOD,BAD
Ribble,,,,,,X,X,,X,,,,,,,,OK,X,GOOD,GOOD
Rice,,,,,,,,,,,,,,,,,OK,,BAD,
Rice,,,,,,,X,X,X,,,,,,,,OK,X,GOOD,GOOD
Richmond,,,,,,X,X,,,,,,,,,,OK,,GOOD,
Rigell,,,,,,,,X,,,,,,,,,OK,,BAD,BAD
Risch,,,,,,,,,,,BAD,BAD,,BAD,BAD,BAD,BAD,,,
Roberts,,,,,,,,,,,BAD,BAD,,BAD,BAD,BAD,BAD,,,
Roby,,,,,,,,X,,,,,,,,,OK,,BAD,BAD
Roe,,,,,,X,X,,X,,,,,,,,GOOD,,GOOD,GOOD
Rogers,,,,,,,,X,,,,,,,,,OK,,BAD,BAD
Rogers,,,,,,,,X,,,,,,,,,OK,,BAD,BAD
Rohrabacher,,,,,,X,X,,X,,,,,,,,GOOD,,GOOD,GOOD
Rokita,,,,,,X,,,X,,,,,,,,OK,,GOOD,GOOD
Rooney,,,,,,,,X,X,,,,,,,,OK,,BAD,GOOD
Roskam,,,,,,,,X,,,,,,,,,OK,,BAD,BAD
Ros-Lehtinen,,,,,,,,X,,,,,,,,,OK,,BAD,BAD
Ross,,,,,,,X,X,X,,,,,,,,OK,,GOOD,GOOD
Rothfus,,,,,,,X,,X,,,,,,,,OK,,GOOD,GOOD
Rounds,,,,,,,,,,,BAD,BAD,,BAD,BAD,BAD,OK,,,
Rouzer,,,,,,,,,,,,,,,,,OK,,BAD,
Roybal-Allard,,,,,,,X,X,X,,,,,,,,OK,,GOOD,GOOD
Royce,,,,,,,,X,,,,,,,,,OK,,BAD,BAD
Rubio,,,,,,,,,,,BAD,BAD,,BAD,BAD,BAD,BAD,,,
Ruiz,,,,,,,,X,X,,,,,,,,OK,,GOOD,GOOD
Ruppersberger,,,,X,,,,X,,,,,,,,,OK,,BAD,BAD
Rush,,,,,,,X,,,,,,,,,,GOOD,,GOOD,
Russell,,,,,,,,,,,,,,,,,OK,,BAD,
Ryan,,,,,,,,X,X,,,,,,,,OK,,BAD,GOOD
Ryan,,,,,,,,,,,,,,,,,OK,,GOOD,
Salmon,,,,,,X,X,,X,,,,,,,,GOOD,,GOOD,GOOD
Sanchez,,,,,,,X,X,X,,,,,,,,OK,,GOOD,GOOD
Sanchez,,,,,,,X,,X,,,,,,,,OK,,GOOD,GOOD
Sanders,,X,,,,,,,,,OK,GOOD,,GOOD,GOOD,GOOD,GOOD,,,
Sanford,,,,,,X,X,,X,,,,,,,,GOOD,X,GOOD,GOOD
Sarbanes,,,,,,,X,X,X,,,,,,,,OK,,GOOD,GOOD
Sasse,,,,,,,,,,,BAD,BAD,,BAD,BAD,BAD,BAD,,,
Scalise,,,,,,,X,X,X,,,,,,,,OK,,BAD,GOOD
Schakowsky,,,,,,X,,X,X,,,,,,,,GOOD,,GOOD,GOOD
Schatz,X,X,,,,,,,,,OK,GOOD,,GOOD,BAD,GOOD,OK,,,
Schiff,,,,,,,X,X,,,,,,,,,OK,,BAD,BAD
Schrader,,,,,,X,X,X,X,,,,,,,,OK,,GOOD,GOOD
Schumer,,,,,,,,,,,OK,GOOD,,GOOD,GOOD,GOOD,OK,,,
Schweikert,,,,,,X,X,,X,,,,,,,,GOOD,,GOOD,GOOD
Scott,,,,,,X,,X,X,,,,,,,,OK,,BAD,GOOD
Scott,,,,,,X,X,X,X,,,,,,,,OK,,GOOD,GOOD
Scott,,,,,,,,X,X,,,,,,,,OK,,GOOD,GOOD
Scott,,,,,,,,,,,OK,BAD,,BAD,BAD,GOOD,OK,,,
Sensenbrenner,,,,,,X,X,X,X,,,,,,,,OK,,GOOD,GOOD
Serrano,,,,,,X,X,,X,,,,,,,,GOOD,,GOOD,GOOD
Sessions,,,,,,,,,,,BAD,BAD,,BAD,BAD,BAD,BAD,,,
Sessions,,,,,,,,X,X,,,,,,,,OK,,GOOD,GOOD
Sewell,,,,X,,,,X,,,,,,,,,OK,,BAD,BAD
Shaheen,X,,,,,,,,,,OK,GOOD,,GOOD,GOOD,GOOD,OK,,,
Shelby,,,,,,,,,,,BAD,BAD,,BAD,BAD,BAD,BAD,,,
Sherman,,,,,,X,X,X,X,,,,,,,,OK,,BAD,GOOD
Shimkus,,,,,,,,X,X,,,,,,,,OK,,BAD,GOOD
Shuster,,,,,,,,X,X,,,,,,,,OK,,BAD,GOOD
Simpson,,,,,,,,X,,,,,,,,,OK,,BAD,BAD
Sinema,,,,,,,,X,,,,,,,,,OK,,BAD,BAD
Sires,,,,,,,,X,X,,,,,,,,OK,,GOOD,GOOD
Slaughter,,,,,,,,,X,,,,,,,,OK,,GOOD,GOOD
Smith,,,,,,,,,X,,,,,,,,OK,,GOOD,GOOD
Smith,,,,,,,,X,X,,,,,,,,OK,,BAD,GOOD
Smith,,,,,,X,X,X,X,,,,,,,,OK,,GOOD,GOOD
Smith,,,,,,X,X,X,X,,,,,,,,OK,,BAD,GOOD
Smith,,,,,,,,X,,,,,,,,,OK,,GOOD,BAD
Speier,,,,,,X,X,,X,,,,,,,,OK,,BAD,GOOD
Stabenow,,,,,,,,,,,OK,GOOD,,GOOD,GOOD,GOOD,OK,,,
Stefanik,,,,,,,,,,,,,,,,,OK,,BAD,
Stewart,,,,,,X,X,X,X,,,,,,,,OK,,BAD,GOOD
Stivers,,,,,,,,X,,,,,,,,,OK,,BAD,BAD
Stutzman,,,,,,,,,X,,,,,,,,OK,,GOOD,GOOD
Sullivan,,,,,,,,,,,OK,BAD,,GOOD,GOOD,GOOD,OK,,,
Swalwell,,,,,,X,X,,X,,,,,,,,OK,,BAD,GOOD
Takai,,,,,,,,,,,,,,,,,GOOD,,GOOD,
Takano,,,,,,,X,,X,,,,,,,,GOOD,,GOOD,GOOD
Tester,X,,,,,,,,,,OK,GOOD,,GOOD,GOOD,GOOD,OK,,,
Thompson,,,,,,X,X,,,,,,,,,,OK,,GOOD,
Thompson,,,,,,X,X,X,,,,,,,,,OK,,GOOD,BAD
Thompson,,,,X,,,,X,,,,,,,,,OK,,,BAD
Thornberry,,,,,,,,X,,,,,,,,,OK,,BAD,BAD
Thune,,,,,,,,,,,BAD,BAD,,BAD,BAD,BAD,BAD,,,
Tiberi,,,,,,,,X,,,,,,,,,OK,,BAD,BAD
Tillis,,,,,,,,,,,BAD,BAD,,BAD,BAD,BAD,BAD,,,
Tipton,,,,,,,X,,X,,,,,,,,OK,,GOOD,GOOD
Titus,,,,,,,,X,X,,,,,,,,OK,,GOOD,GOOD
Tonko,,,,,,X,X,,X,,,,,,,,OK,,GOOD,GOOD
Toomey,,,,,,,,,,,BAD,BAD,,BAD,BAD,BAD,BAD,,,
Torres,,,,,,,,,,,,,,,,,OK,,BAD,
Trott,,,,,,,,,,,,,,,,,OK,,BAD,
Tsongas,,,,,,X,X,X,X,,,,,,,,OK,,GOOD,GOOD
Turner,,,,,,,,X,,,,,,,,,OK,,BAD,BAD
Udall,X,X,,,,,,,,X,OK,GOOD,,GOOD,GOOD,GOOD,OK,,,
Upton,,,,,,,,X,,,,,,,,,OK,,BAD,BAD
Valadao,,,,,,,,X,,,,,,,,,OK,,BAD,BAD
Van Hollen,,,,,,,,X,X,,,,,,,,GOOD,X,GOOD,GOOD
Vargas,,,,,,,,X,X,,,,,,,,OK,,GOOD,GOOD
Veasey,,,,,,,,X,X,,,,,,,,OK,,GOOD,GOOD
Vela,,,,,,X,X,X,X,,,,,,,,OK,,GOOD,GOOD
Velázquez,,,,,,,X,,X,,,,,,,,GOOD,,GOOD,GOOD
Visclosky,,,,,,,,,,,,,,,,,OK,,BAD,BAD
Vitter,,,,,,,,,,,BAD,BAD,,BAD,BAD,BAD,OK,,,
Wagner,,,,,,,,X,X,,,,,,,,OK,,GOOD,GOOD
Walberg,,,,,,,,X,,,,,,,,,OK,,GOOD,BAD
Walden,,,,,,,,X,,,,,,,,,OK,,BAD,BAD
Walker,,,,,,,,,,,,,,,,,OK,,GOOD,
Walorski,,,,,,,,,X,,,,,,,,OK,,BAD,GOOD
Walters,,,,,,,,,,,,,,,,,OK,,BAD,
Walz,,,,,,,X,,,,,,,,,,OK,,GOOD,
Warner,,,,,,,,,,,OK,GOOD,,GOOD,,,OK,,,
Warren,,,,,,,,,,,OK,GOOD,,GOOD,GOOD,GOOD,OK,,,
Wasserman Schultz,,,,,,,,X,,,,,,,,,OK,,BAD,BAD
Waters,,,,,,,X,X,X,,,,,,,,GOOD,,GOOD,GOOD
Watson Coleman,,,,,,,,,,,,,,,,,GOOD,,GOOD,
Weber,,,,,,X,X,,X,,,,,,,,GOOD,,GOOD,GOOD
Webster,,,,,,,,X,,,,,,,,,OK,,BAD,BAD
Welch,,,,,X,X,X,,X,,,,,,,,OK,X,GOOD,GOOD
Wenstrup,,,,,,,,X,X,,,,,,,,OK,,BAD,GOOD
Westerman,,,,,,,,,,,,,,,,,OK,,BAD,
Westmoreland,,,,X,,,,X,,,,,,,,,OK,,BAD,BAD
Whitehouse,X,,,,,,,,,,OK,GOOD,X,GOOD,GOOD,GOOD,OK,,,
Whitfield,,,,,,,,X,,,,,,,,,OK,,BAD,BAD
Wicker,,,,,,,,,,,BAD,BAD,,BAD,BAD,BAD,BAD,,,
Williams,,,,,,,X,X,X,,,,,,,,OK,,GOOD,GOOD
Wilson,,,,,,,,X,X,,,,,,,,OK,,GOOD,GOOD
Wilson,,,,,,X,X,X,,,,,,,,,OK,,BAD,BAD
Wittman,,,,,,X,,X,,,,,,,,,OK,,BAD,BAD
Womack,,,,,,,,X,,,,,,,,,OK,,BAD,BAD
Woodall,,,,,,,,X,X,,,,,,,,GOOD,,BAD,GOOD
Wyden,X,,,,,,,,,X,OK,GOOD,,GOOD,GOOD,GOOD,OK,X,,
Yarmuth,,,,,,,X,,X,,,,,,,,OK,,GOOD,GOOD
Yoder,,,,,,X,X,X,X,,,,,,,,GOOD,,GOOD,GOOD
Yoho,,,,,,X,X,,X,,,,,,,,GOOD,X,GOOD,GOOD
Young,,,,,,,,,,,,,,,,,OK,,GOOD,
Young,,,,,,X,X,X,,,,,,,,,OK,,GOOD,BAD
Young,,,,,,,,X,,,,,,,,,OK,,BAD,BAD
Zeldin,,,,,,,,,,,,,,,,,OK,,BAD,
Zinke,,,,,,,,,,,,,,,,,OK,,BAD,
